{
  "populations": [
    {
      "population": 50000,
      "k": 10,
      "warm": {
        "p50_ms": 74.15496,
        "p95_ms": 80.980739,
        "p99_ms": 90.343469,
        "max_ms": 102.438094,
        "n": 100
      },
      "cold": {
        "p50_ms": 75.78039,
        "p95_ms": 96.457021,
        "p99_ms": 118.181717,
        "max_ms": 175.553649,
        "n": 100
      }
    },
    {
      "population": 50000,
      "k": 50,
      "warm": {
        "p50_ms": 77.202959,
        "p95_ms": 90.500005,
        "p99_ms": 98.568806,
        "max_ms": 108.041683,
        "n": 100
      },
      "cold": {
        "p50_ms": 76.26945,
        "p95_ms": 87.961537,
        "p99_ms": 91.097831,
        "max_ms": 96.307699,
        "n": 100
      }
    },
    {
      "population": 1000000,
      "k": 10,
      "warm": {
        "p50_ms": 1505.093464,
        "p95_ms": 2724.26639,
        "p99_ms": 7662.946036,
        "max_ms": 25900.800229,
        "n": 100
      },
      "cold": {
        "p50_ms": 1518.377106,
        "p95_ms": 1639.305907,
        "p99_ms": 1875.594396,
        "max_ms": 1950.135903,
        "n": 100
      }
    },
    {
      "population": 1000000,
      "k": 50,
      "warm": {
        "p50_ms": 1530.123363,
        "p95_ms": 2813.651478,
        "p99_ms": 5790.151194,
        "max_ms": 45069.32069,
        "n": 100
      },
      "cold": {
        "p50_ms": 1550.649373,
        "p95_ms": 1678.206031,
        "p99_ms": 1737.605238,
        "max_ms": 1745.621939,
        "n": 100
      }
    }
  ],
  "vec0_ceiling": 100000,
  "ceiling_reason": "latency",
  "sqlite_vec_version": "v0.1.6",
  "sqlite_version": "3.53.0",
  "platform": "linux/amd64"
}